{"graph": {"_type": "graph-file", "sha256": "120ea35aba2e6e47440bc9a528ec827114fe198f24875b15a15fee7be5767f4c", "size": 2483, "path": "media/graph/graph_summary_120ea35aba2e6e47440b.graph.json"}, "epoch": 553, "_timestamp": 1696615364.41326, "loss": 206.9726104736328, "val_loss": 206.97280883789062, "_runtime": 188.04731702804565, "_step": 553, "best_val_loss": 206.97181701660156, "best_epoch": 453}