{"graph": {"_type": "graph-file", "sha256": "b57ac1b2dcb54279534c1660e34fcb2ac4a513ab19085d08b22d8e37e12afc39", "size": 2433, "path": "media/graph/graph_summary_b57ac1b2dcb54279534c.graph.json"}, "epoch": 462, "_timestamp": 1697010734.198859, "loss": 206.9737091064453, "val_loss": 206.9727020263672, "_runtime": 265.3043849468231, "_step": 464, "best_val_loss": 206.9718780517578, "best_epoch": 362, "optimality_cr": 207.01, "optimal_des": {"_type": "images/separated", "width": 400, "height": 400, "format": "png", "count": 1, "filenames": ["media/images/optimal_des_464_ffb1d0f10509bbae510e.png"], "captions": ["Optimal design for 4 runs with 100 bases \n A-Optimality: 207.01"]}, "_wandb": {"runtime": 264}}