{"graph": {"_type": "graph-file", "sha256": "004d9ebab81c9266cbf393b1779a527817ed154b7ac48b0e31f935f9c398b1a0", "size": 3661, "path": "media/graph/graph_summary_004d9ebab81c9266cbf3.graph.json"}, "epoch": 0, "_timestamp": 1697026437.0992231, "loss": 1233845.5, "val_loss": 50170.86328125, "_runtime": 11.381662130355835, "_step": 0, "best_val_loss": 50170.86328125, "best_epoch": 0}