{"graph": {"_type": "graph-file", "sha256": "86fc28bee0680d4553dc58c38c8c18f46847e7ed434ff5c059a27b909b86afef", "size": 3783, "path": "media/graph/graph_summary_86fc28bee0680d4553dc.graph.json"}, "epoch": 452, "_timestamp": 1697025138.774545, "loss": 206.97396850585938, "val_loss": 206.97340393066406, "_runtime": 160.29801988601685, "_step": 454, "best_val_loss": 206.97265625, "best_epoch": 352, "optimality_cr": 206.972, "optimal_des": {"_type": "images/separated", "width": 400, "height": 400, "format": "png", "count": 1, "filenames": ["media/images/optimal_des_454_d178e6f4a6a3c9666dc9.png"], "captions": ["Optimal design for 4 runs with 100 bases \n A-Optimality: 206.972"]}, "_wandb": {"runtime": 158}}