{"graph": {"_type": "graph-file", "sha256": "004d9ebab81c9266cbf393b1779a527817ed154b7ac48b0e31f935f9c398b1a0", "size": 3661, "path": "media/graph/graph_summary_004d9ebab81c9266cbf3.graph.json"}, "epoch": 700, "_timestamp": 1697032031.08037, "loss": 206.97389221191406, "val_loss": 206.97315979003906, "_runtime": 218.34155797958374, "_step": 702, "best_val_loss": 206.97225952148438, "best_epoch": 600, "optimality_cr": 206.972, "optimal_des": {"_type": "images/separated", "width": 400, "height": 400, "format": "png", "count": 1, "filenames": ["media/images/optimal_des_702_9cebea8ce5c2d4c57660.png"], "captions": ["Optimal design for 4 runs with 100 bases \n A-Optimality: 206.972"]}, "_wandb": {"runtime": 217}}