{"graph": {"_type": "graph-file", "sha256": "b57ac1b2dcb54279534c1660e34fcb2ac4a513ab19085d08b22d8e37e12afc39", "size": 2433, "path": "media/graph/graph_summary_b57ac1b2dcb54279534c.graph.json"}, "epoch": 534, "_timestamp": 1697012236.733595, "loss": 206.9739990234375, "val_loss": 206.9727325439453, "_runtime": 172.6453468799591, "_step": 536, "best_val_loss": 206.97222900390625, "best_epoch": 434, "optimality_cr": 207.003, "optimal_des": {"_type": "images/separated", "width": 400, "height": 400, "format": "png", "count": 1, "filenames": ["media/images/optimal_des_536_113627b436a4222d2cfb.png"], "captions": ["Optimal design for 4 runs with 100 bases \n A-Optimality: 207.003"]}, "_wandb": {"runtime": 172}}