{"graph": {"_type": "graph-file", "sha256": "004d9ebab81c9266cbf393b1779a527817ed154b7ac48b0e31f935f9c398b1a0", "size": 3661, "path": "media/graph/graph_summary_004d9ebab81c9266cbf3.graph.json"}, "epoch": 186, "_timestamp": 1697031356.854041, "loss": 206.97744750976562, "val_loss": 206.9744873046875, "_runtime": 115.28264212608337, "_step": 188, "best_val_loss": 206.9736328125, "best_epoch": 86, "optimality_cr": 206.984, "optimal_des": {"_type": "images/separated", "width": 400, "height": 400, "format": "png", "count": 1, "filenames": ["media/images/optimal_des_188_e49262a691679509b6c0.png"], "captions": ["Optimal design for 4 runs with 100 bases \n A-Optimality: 206.984"]}, "_wandb": {"runtime": 114}}