{"graph": {"_type": "graph-file", "sha256": "e4b554a523d03279f71024221b9f52479340490e7e20d8868d34af465837aab1", "size": 2455, "path": "media/graph/graph_summary_e4b554a523d03279f710.graph.json"}, "epoch": 821, "_timestamp": 1697014213.307161, "loss": 209.8556671142578, "val_loss": 209.85777282714844, "_runtime": 230.82620215415955, "_step": 823, "best_val_loss": 209.85276794433594, "best_epoch": 721, "optimality_cr": 209.859, "optimal_des": {"_type": "images/separated", "width": 400, "height": 400, "format": "png", "count": 1, "filenames": ["media/images/optimal_des_823_87efecc839f2ac3796ea.png"], "captions": ["Optimal design for 4 runs with 16 bases \n A-Optimality: 209.859"]}, "_wandb": {"runtime": 229}}