{"graph": {"_type": "graph-file", "sha256": "b57ac1b2dcb54279534c1660e34fcb2ac4a513ab19085d08b22d8e37e12afc39", "size": 2433, "path": "media/graph/graph_summary_b57ac1b2dcb54279534c.graph.json"}, "epoch": 406, "_timestamp": 1697007857.596965, "loss": 206.9730224609375, "val_loss": 206.97238159179688, "_runtime": 133.78263211250305, "_step": 407, "best_val_loss": 206.9715576171875, "best_epoch": 306, "optimality_cr": 206.985}