{"graph": {"_type": "graph-file", "sha256": "b57ac1b2dcb54279534c1660e34fcb2ac4a513ab19085d08b22d8e37e12afc39", "size": 2433, "path": "media/graph/graph_summary_b57ac1b2dcb54279534c.graph.json"}, "epoch": 0, "_timestamp": 1696863716.4851358, "loss": 495140.5625, "val_loss": 22609.78515625, "_runtime": 15.49567174911499, "_step": 0, "best_val_loss": 22609.78515625, "best_epoch": 0}