{"graph": {"_type": "graph-file", "sha256": "004d9ebab81c9266cbf393b1779a527817ed154b7ac48b0e31f935f9c398b1a0", "size": 3661, "path": "media/graph/graph_summary_004d9ebab81c9266cbf3.graph.json"}, "epoch": 535, "_timestamp": 1697029784.979616, "loss": 206.97340393066406, "val_loss": 206.97300720214844, "_runtime": 174.96606492996216, "_step": 537, "best_val_loss": 206.97210693359375, "best_epoch": 435, "optimality_cr": 206.972, "optimal_des": {"_type": "images/separated", "width": 400, "height": 400, "format": "png", "count": 1, "filenames": ["media/images/optimal_des_537_afd1c097334c22703421.png"], "captions": ["Optimal design for 4 runs with 100 bases \n A-Optimality: 206.972"]}, "_wandb": {"runtime": 174}}