{"graph": {"_type": "graph-file", "sha256": "b57ac1b2dcb54279534c1660e34fcb2ac4a513ab19085d08b22d8e37e12afc39", "size": 2433, "path": "media/graph/graph_summary_b57ac1b2dcb54279534c.graph.json"}, "epoch": 609, "_timestamp": 1697009045.173495, "loss": 206.9731903076172, "val_loss": 206.9719696044922, "_runtime": 201.35440611839294, "_step": 611, "best_val_loss": 206.97145080566406, "best_epoch": 509, "optimality_cr": 207.02, "optimal_des": {"_type": "images/separated", "width": 400, "height": 400, "format": "png", "count": 1, "filenames": ["media/images/optimal_des_611_05655063a09d6d85bdd4.png"], "captions": ["Optimal design for 4 runs with 100 bases \n A-Optimality:207.02"]}, "_wandb": {"runtime": 199}}