{"graph": {"_type": "graph-file", "sha256": "4b8d5a6d187f45bd9c511788751dbdc79dc272fad65ad89035465e96d3faf83d", "size": 3773, "path": "media/graph/graph_summary_4b8d5a6d187f45bd9c51.graph.json"}, "epoch": 329, "_timestamp": 1697022506.820309, "loss": 207.69969177246094, "val_loss": 207.64842224121094, "_runtime": 219.025573015213, "_step": 331, "best_val_loss": 207.64842224121094, "best_epoch": 229, "optimality_cr": 207.648, "optimal_des": {"_type": "images/separated", "width": 400, "height": 400, "format": "png", "count": 1, "filenames": ["media/images/optimal_des_331_110cff434e0ec766c991.png"], "captions": ["Optimal design for 4 runs with 100 bases \n A-Optimality: 207.648"]}, "_wandb": {"runtime": 217}}