{"graph": {"_type": "graph-file", "sha256": "4bdfc7280273d1361f6080b934cffffb35cd37866ca7b995650fef96bbdc1988", "size": 2516, "path": "media/graph/graph_summary_4bdfc7280273d1361f60.graph.json"}, "epoch": 372, "_timestamp": 1697022887.767723, "loss": 207.86062622070312, "val_loss": 207.85812377929688, "_runtime": 155.8724009990692, "_step": 374, "best_val_loss": 207.8574676513672, "best_epoch": 272, "optimality_cr": 207.859, "optimal_des": {"_type": "images/separated", "width": 400, "height": 400, "format": "png", "count": 1, "filenames": ["media/images/optimal_des_374_fdaf4ee8d54e161c6b9f.png"], "captions": ["Optimal design for 4 runs with 100 bases \n A-Optimality: 207.859"]}, "_wandb": {"runtime": 154}}