{"graph": {"_type": "graph-file", "sha256": "b57ac1b2dcb54279534c1660e34fcb2ac4a513ab19085d08b22d8e37e12afc39", "size": 2433, "path": "media/graph/graph_summary_b57ac1b2dcb54279534c.graph.json"}, "epoch": 1073, "_timestamp": 1696614584.462989, "loss": 206.9478759765625, "val_loss": 206.92147827148438, "_runtime": 212.40513110160828, "_step": 1073, "best_val_loss": 206.89500427246094, "best_epoch": 573, "_wandb": {"runtime": 225}}