{"graph": {"_type": "graph-file", "sha256": "004d9ebab81c9266cbf393b1779a527817ed154b7ac48b0e31f935f9c398b1a0", "size": 3661, "path": "media/graph/graph_summary_004d9ebab81c9266cbf3.graph.json"}, "epoch": 5, "_timestamp": 1697030932.396703, "loss": 4560.31396484375, "val_loss": 3625.09912109375, "_runtime": 16.218966007232666, "_step": 5, "best_val_loss": 3625.09912109375, "best_epoch": 5}