{"graph": {"_type": "graph-file", "sha256": "c4e60f06615dad55656222d1656c2dcb831b100b76d024dc30cfbae56753798f", "size": 3773, "path": "media/graph/graph_summary_c4e60f06615dad556562.graph.json"}, "epoch": 225, "_timestamp": 1697021909.7485209, "loss": 207.81826782226562, "val_loss": 207.64842224121094, "_runtime": 136.08224296569824, "_step": 227, "best_val_loss": 207.64747619628906, "best_epoch": 125, "optimality_cr": 207.647, "optimal_des": {"_type": "images/separated", "width": 400, "height": 400, "format": "png", "count": 1, "filenames": ["media/images/optimal_des_227_dc5e31c07ef9857be1f2.png"], "captions": ["Optimal design for 4 runs with 100 bases \n A-Optimality: 207.647"]}, "_wandb": {"runtime": 134}}