{"graph": {"_type": "graph-file", "sha256": "e09a690defad77516eb8b03b42134dd3e8cffe5ae6e6bc5a01d298e31083979e", "size": 3783, "path": "media/graph/graph_summary_e09a690defad77516eb8.graph.json"}, "epoch": 506, "_timestamp": 1697024127.550664, "loss": 207.01637268066406, "val_loss": 207.01348876953125, "_runtime": 352.01650500297546, "_step": 508, "best_val_loss": 207.01316833496094, "best_epoch": 406, "optimality_cr": 207.014, "optimal_des": {"_type": "images/separated", "width": 400, "height": 400, "format": "png", "count": 1, "filenames": ["media/images/optimal_des_508_240b01f0e19662e5454f.png"], "captions": ["Optimal design for 4 runs with 100 bases \n A-Optimality: 207.014"]}, "_wandb": {"runtime": 350}}