{"graph": {"_type": "graph-file", "sha256": "b57ac1b2dcb54279534c1660e34fcb2ac4a513ab19085d08b22d8e37e12afc39", "size": 2433, "path": "media/graph/graph_summary_b57ac1b2dcb54279534c.graph.json"}, "epoch": 543, "_timestamp": 1697013316.553709, "loss": 206.9733428955078, "val_loss": 206.9722442626953, "_runtime": 240.44212913513184, "_step": 545, "best_val_loss": 206.9715576171875, "best_epoch": 443, "optimality_cr": 206.973, "optimal_des": {"_type": "images/separated", "width": 400, "height": 400, "format": "png", "count": 1, "filenames": ["media/images/optimal_des_545_06d77349f229ef0ce339.png"], "captions": ["Optimal design for 4 runs with 100 bases \n A-Optimality: 206.973"]}, "_wandb": {"runtime": 239}}