{"graph": {"_type": "graph-file", "sha256": "004d9ebab81c9266cbf393b1779a527817ed154b7ac48b0e31f935f9c398b1a0", "size": 3661, "path": "media/graph/graph_summary_004d9ebab81c9266cbf3.graph.json"}, "epoch": 9, "_timestamp": 1697030861.5278258, "loss": 1668.548095703125, "val_loss": 1348.0396728515625, "_runtime": 23.242604732513428, "_step": 9, "best_val_loss": 1348.0396728515625, "best_epoch": 9}