{"graph": {"_type": "graph-file", "sha256": "9bd822c57faf79e96366c1493c570cacf18303d5a1ccf83fd72fabd242563b12", "size": 3783, "path": "media/graph/graph_summary_9bd822c57faf79e96366.graph.json"}, "epoch": 569, "_timestamp": 1697023508.282725, "loss": 206.97462463378906, "val_loss": 206.9737548828125, "_runtime": 370.8023409843445, "_step": 571, "best_val_loss": 206.9727020263672, "best_epoch": 469, "optimality_cr": 206.973, "optimal_des": {"_type": "images/separated", "width": 400, "height": 400, "format": "png", "count": 1, "filenames": ["media/images/optimal_des_571_07858697afe816463d8b.png"], "captions": ["Optimal design for 4 runs with 100 bases \n A-Optimality: 206.973"]}, "_wandb": {"runtime": 369}}